date,view
2022-06-22,43
2022-06-23,34
2022-06-24,226
2022-06-25,337
2022-06-26,252
2022-06-27,278
2022-06-28,262
2022-06-29,273
2022-06-30,197
2022-07-01,262
2022-07-02,342
2022-07-03,202
2022-07-04,237
2022-07-05,222
2022-07-06,292
2022-07-07,291
2022-07-08,263
2022-07-09,338
2022-07-10,196
2022-07-11,265
2022-07-12,243
2022-07-13,381
2022-07-14,274
2022-07-15,330
2022-07-16,325
2022-07-17,259
2022-07-18,267
2022-07-19,251
2022-07-20,285
2022-07-21,317
2022-07-22,307
2022-07-23,342
2022-07-24,265
2022-07-25,277
2022-07-26,287
2022-07-27,326
2022-07-28,292
2022-07-29,372
2022-07-30,347
2022-07-31,187
2022-08-01,207
2022-08-02,251
2022-08-03,275
2022-08-04,321
2022-08-05,315
2022-08-06,351
2022-08-07,252
2022-08-08,304
2022-08-09,299
2022-08-10,265
2022-08-11,320
2022-08-12,346
2022-08-13,365
2022-08-14,226
2022-08-15,301
2022-08-16,251
2022-08-17,353
2022-08-18,328
2022-08-19,328
2022-08-20,376
2022-08-21,344
2022-08-22,299
2022-08-23,274
2022-08-24,329
2022-08-25,329
2022-08-26,374
2022-08-27,389
2022-08-28,362
2022-08-29,337
2022-08-30,272
2022-08-31,334
2022-09-01,242
2022-09-02,272
2022-09-03,297
2022-09-04,329
2022-09-05,229
2022-09-06,296
2022-09-07,313
2022-09-08,443
2022-09-09,394
2022-09-10,375
2022-09-11,323
2022-09-12,332
2022-09-13,278
2022-09-14,291
2022-09-15,321
2022-09-16,386
2022-09-17,427
2022-09-18,284
2022-09-19,294
2022-09-20,314
2022-09-21,267
2022-09-22,290
2022-09-23,346
2022-09-24,333
2022-09-25,235
2022-09-26,318
2022-09-27,317
2022-09-28,337
2022-09-29,310
2022-09-30,303
2022-10-01,349
2022-10-02,240
2022-10-03,296
2022-10-04,305
2022-10-05,264
2022-10-06,313
2022-10-07,297
2022-10-08,342
2022-10-09,277
2022-10-10,324
2022-10-11,288
2022-10-12,274
2022-10-13,331
2022-10-14,385
2022-10-15,369
2022-10-16,217
2022-10-17,302
2022-10-18,282
2022-10-19,310
2022-10-20,309
2022-10-21,330
2022-10-22,331
2022-10-23,311
2022-10-24,278
2022-10-25,326
2022-10-26,251
2022-10-27,289
2022-10-28,360
2022-10-29,401
2022-10-30,321
2022-10-31,331
2022-11-01,293
2022-11-02,309
2022-11-03,318
2022-11-04,378
2022-11-05,421
2022-11-06,307
2022-11-07,322
2022-11-08,380
2022-11-09,347
2022-11-10,365
2022-11-11,387
2022-11-12,409
2022-11-13,312
2022-11-14,344
2022-11-15,361
2022-11-16,342
2022-11-17,362
2022-11-18,335
2022-11-19,475
2022-11-20,268
2022-11-21,325
2022-11-22,294
2022-11-23,369
2022-11-24,352
2022-11-25,347
2022-11-26,406
2022-11-27,399
2022-11-28,361
2022-11-29,368
2022-11-30,467
2022-12-01,308
2022-12-02,348
2022-12-03,424
2022-12-04,323
2022-12-05,319
2022-12-06,324
2022-12-07,392
2022-12-08,373
2022-12-09,360
2022-12-10,418
2022-12-11,298
2022-12-12,330
2022-12-13,305
2022-12-14,323
2022-12-15,305
2022-12-16,302
2022-12-17,332
2022-12-18,259
2022-12-19,296
2022-12-20,300
2022-12-21,315
2022-12-22,238
2022-12-23,260
2022-12-24,287
2022-12-25,323
2022-12-26,255
2022-12-27,243
2022-12-28,350
2022-12-29,288
2022-12-30,297
2022-12-31,187
2023-01-01,299
2023-01-02,249
2023-01-03,291
2023-01-04,247
2023-01-05,220
2023-01-06,285
2023-01-07,286
2023-01-08,234
2023-01-09,247
2023-01-10,223
2023-01-11,219
2023-01-12,199
2023-01-13,238
2023-01-14,229
2023-01-15,219
2023-01-16,175
2023-01-17,200
2023-01-18,158
2023-01-19,144
2023-01-20,163
2023-01-21,201
2023-01-22,163
2023-01-23,128
2023-01-24,169
2023-01-25,145
2023-01-26,185
2023-01-27,226
2023-01-28,208
2023-01-29,185
2023-01-30,175
2023-01-31,196
2023-02-01,247
2023-02-02,269
2023-02-03,244
2023-02-04,248
2023-02-05,272
2023-02-06,273
2023-02-07,291
2023-02-08,236
2023-02-09,274
2023-02-10,346
2023-02-11,293
2023-02-12,300
2023-02-13,309
2023-02-14,220
2023-02-15,287
2023-02-16,309
2023-02-17,398
2023-02-18,343
2023-02-19,245
2023-02-20,252
2023-02-21,311
2023-02-22,286
2023-02-23,341
2023-02-24,367
2023-02-25,453
2023-02-26,311
2023-02-27,331
2023-02-28,278
2023-03-01,262
2023-03-02,306
2023-03-03,401
2023-03-04,371
2023-03-05,391
2023-03-06,279
2023-03-07,293
2023-03-08,328
2023-03-09,286
2023-03-10,344
2023-03-11,380
2023-03-12,312
2023-03-13,275
2023-03-14,282
2023-03-15,316
2023-03-16,283
2023-03-17,320
2023-03-18,305
2023-03-19,305
2023-03-20,272
2023-03-21,351
2023-03-22,282
2023-03-23,389
2023-03-24,406
2023-03-25,345
2023-03-26,299
2023-03-27,309
2023-03-28,317
2023-03-29,352
2023-03-30,326
2023-03-31,397
2023-04-01,414
2023-04-02,299
2023-04-03,270
2023-04-04,305
2023-04-05,288
2023-04-06,302
2023-04-07,346
2023-04-08,300
2023-04-09,305
2023-04-10,343
2023-04-11,289
2023-04-12,346
2023-04-13,365
2023-04-14,355
2023-04-15,405
2023-04-16,297
2023-04-17,277
2023-04-18,310
2023-04-19,331
2023-04-20,297
2023-04-21,320
2023-04-22,386
2023-04-23,312
2023-04-24,305
2023-04-25,264
2023-04-26,268
2023-04-27,256
2023-04-28,191
2023-04-29,208
2023-04-30,213
2023-05-01,259
2023-05-02,286
2023-05-03,235
2023-05-04,258
2023-05-05,339
2023-05-06,348
2023-05-07,296
2023-05-08,289
2023-05-09,303
2023-05-10,308
2023-05-11,296
2023-05-12,347
2023-05-13,375
2023-05-14,291
2023-05-15,300
2023-05-16,234
2023-05-17,344
2023-05-18,343
2023-05-19,326
2023-05-20,289
2023-05-21,291
2023-05-22,275
2023-05-23,290
2023-05-24,260
2023-05-25,298
2023-05-26,313
2023-05-27,307
2023-05-28,262
2023-05-29,256
2023-05-30,340
2023-05-31,344
2023-06-01,295
2023-06-02,294
2023-06-03,312
2023-06-04,298
2023-06-05,282
2023-06-06,277
2023-06-07,292
2023-06-08,262
2023-06-09,283
2023-06-10,336
2023-06-11,239
2023-06-12,417
2023-06-13,452
2023-06-14,257
2023-06-15,276
2023-06-16,277
2023-06-17,256
2023-06-18,294
2023-06-19,290
2023-06-20,279
2023-06-21,309
2023-06-22,315
2023-06-23,299
2023-06-24,317
2023-06-25,234
2023-06-26,297
2023-06-27,286
2023-06-28,249
2023-06-29,290
2023-06-30,306
2023-07-01,262
2023-07-02,263
2023-07-03,238
2023-07-04,344
2023-07-05,235
2023-07-06,288
2023-07-07,408
2023-07-08,310
2023-07-09,264
2023-07-10,230
2023-07-11,403
2023-07-12,273
2023-07-13,270
2023-07-14,353
2023-07-15,320
2023-07-16,262
2023-07-17,285
2023-07-18,289
2023-07-19,302
2023-07-20,271
2023-07-21,290
2023-07-22,339
2023-07-23,234
2023-07-24,214
2023-07-25,272
2023-07-26,244
2023-07-27,301
2023-07-28,385
2023-07-29,275
2023-07-30,312
2023-07-31,334
2023-08-01,320
2023-08-02,267
2023-08-03,309
2023-08-04,300
2023-08-05,276
2023-08-06,271
2023-08-07,310
2023-08-08,279
2023-08-09,334
2023-08-10,282
2023-08-11,304
2023-08-12,329
2023-08-13,290
2023-08-14,326
2023-08-15,271
2023-08-16,246
2023-08-17,303
2023-08-18,294
2023-08-19,315
2023-08-20,248
2023-08-21,261
2023-08-22,256
2023-08-23,258
2023-08-24,280
2023-08-25,319
2023-08-26,295
2023-08-27,346
2023-08-28,276
2023-08-29,268
2023-08-30,254
2023-08-31,213
2023-09-01,226
2023-09-02,221
2023-09-03,281
2023-09-04,298
2023-09-05,259
2023-09-06,246
2023-09-07,247
2023-09-08,301
2023-09-09,289
2023-09-10,214
2023-09-11,237
2023-09-12,236
2023-09-13,220
2023-09-14,287
2023-09-15,306
2023-09-16,234
2023-09-17,259
2023-09-18,227
2023-09-19,307
2023-09-20,224
2023-09-21,311
2023-09-22,302
2023-09-23,283
2023-09-24,242
2023-09-25,237
2023-09-26,270
2023-09-27,253
2023-09-28,313
2023-09-29,257
2023-09-30,305
2023-10-01,216
2023-10-02,300
2023-10-03,321
2023-10-04,323
2023-10-05,281
2023-10-06,325
